web-scraper-order,web-scraper-start-url,paginas_busqueda,ProductoKatana,ProductoKatana-href,nombre_producto,precio_producto,inventario_producto,origen_producto
"1661797995-18","https://listado.mercadolibre.com.co/katanas-japonesas#D[A:katanas%20japonesas]","https://listado.mercadolibre.com.co/deportes-fitness/boxeo-artes-marciales/proteccion-defensa/katanas/katanas-japonesas_Desde_51_NoIndex_True","Soporte De Espada De Dos Niveles","https://articulo.mercadolibre.com.co/MCO-565412073-soporte-de-espada-de-dos-niveles-_JM#position=33&search_layout=stack&type=item&tracking_id=5a5de2e5-84f7-48ba-bb2c-11c67d1b3d8d","Soporte De Espada De Dos Niveles","182.900","Cantidad:1 unidad(5 disponibles)","Engativá, Bogotá D.C."
"1661798117-71","https://listado.mercadolibre.com.co/katanas-japonesas#D[A:katanas%20japonesas]","https://listado.mercadolibre.com.co/deportes-fitness/boxeo-artes-marciales/proteccion-defensa/katanas/katanas-japonesas_NoIndex_True","Kit De Limpieza Espadas, Katana Samurai, Kenjutsu, Ninjutsu","https://articulo.mercadolibre.com.co/MCO-596880237-kit-de-limpieza-espadas-katana-samurai-kenjutsu-ninjutsu-_JM#position=49&search_layout=stack&type=item&tracking_id=2f7c856e-2c8b-4255-b63f-3bf50d1a0170","Kit De Limpieza Espadas, Katana Samurai, Kenjutsu, Ninjutsu","97.800","Cantidad:1 unidad(2 disponibles)","Bucaramanga, Santander"
"1661798088-58","https://listado.mercadolibre.com.co/katanas-japonesas#D[A:katanas%20japonesas]","https://listado.mercadolibre.com.co/deportes-fitness/boxeo-artes-marciales/proteccion-defensa/katanas/katanas-japonesas_Desde_101_NoIndex_True","Lyuesword Forjado A Mano Damasco Doblado Acero Arcilla Templ","https://articulo.mercadolibre.com.co/MCO-592554808-lyuesword-forjado-a-mano-damasco-doblado-acero-arcilla-templ-_JM#position=12&search_layout=stack&type=item&tracking_id=dca914cd-0fb2-4744-b5d2-a520d28be608","Lyuesword Forjado A Mano Damasco Doblado Acero Arcilla Templ","3.112.791","Cantidad:1 unidad(12 disponibles)","Bucaramanga, Santander"
"1661798048-41","https://listado.mercadolibre.com.co/katanas-japonesas#D[A:katanas%20japonesas]","https://listado.mercadolibre.com.co/deportes-fitness/boxeo-artes-marciales/proteccion-defensa/katanas/katanas-japonesas_Desde_51_NoIndex_True","Katana Espada Sin Funda Para Decoracion Y Coleccion Cosplay","https://articulo.mercadolibre.com.co/MCO-939969285-katana-espada-sin-funda-para-decoracion-y-coleccion-cosplay-_JM#position=10&search_layout=stack&type=item&tracking_id=5a5de2e5-84f7-48ba-bb2c-11c67d1b3d8d","Katana Espada Sin Funda Para Decoracion Y Coleccion Cosplay","229.900","null","Fontibón, Bogotá D.C."
"1661798193-109","https://listado.mercadolibre.com.co/katanas-japonesas#D[A:katanas%20japonesas]","https://listado.mercadolibre.com.co/deportes-fitness/boxeo-artes-marciales/proteccion-defensa/katanas/katanas-japonesas_NoIndex_True","Katana Japonesa De Exhibición","https://articulo.mercadolibre.com.co/MCO-932054562-katana-japonesa-de-exhibicion-_JM#position=10&search_layout=stack&type=item&tracking_id=2f7c856e-2c8b-4255-b63f-3bf50d1a0170","Katana Japonesa De Exhibición","350.000","Cantidad:1 unidad(5 disponibles)","Usaquén, Bogotá D.C."
"1661798185-105","https://listado.mercadolibre.com.co/katanas-japonesas#D[A:katanas%20japonesas]","https://listado.mercadolibre.com.co/deportes-fitness/boxeo-artes-marciales/proteccion-defensa/katanas/katanas-japonesas_NoIndex_True","Palillos Samurai Katana Japoneses Tres Heros Ieyasu Tokugawa","https://articulo.mercadolibre.com.co/MCO-600618093-palillos-samurai-katana-japoneses-tres-heros-ieyasu-tokugawa-_JM#position=14&search_layout=stack&type=item&tracking_id=2f7c856e-2c8b-4255-b63f-3bf50d1a0170","Palillos Samurai Katana Japoneses Tres Heros Ieyasu Tokugawa","201.398","Cantidad:1 unidad(12 disponibles)","Bosa, Bogotá D.C."
"1661798138-82","https://listado.mercadolibre.com.co/katanas-japonesas#D[A:katanas%20japonesas]","https://listado.mercadolibre.com.co/deportes-fitness/boxeo-artes-marciales/proteccion-defensa/katanas/katanas-japonesas_NoIndex_True","Exibidor En Madera Para Katanas Espadas,sables Ejercito Daga","https://articulo.mercadolibre.com.co/MCO-596779995-exibidor-en-madera-para-katanas-espadassables-ejercito-daga-_JM#position=38&search_layout=stack&type=item&tracking_id=2f7c856e-2c8b-4255-b63f-3bf50d1a0170","Exibidor En Madera Para Katanas Espadas,sables Ejercito Daga","51.900","null","Fontibón, Bogotá D.C."
"1661797965-4","https://listado.mercadolibre.com.co/katanas-japonesas#D[A:katanas%20japonesas]","https://listado.mercadolibre.com.co/deportes-fitness/boxeo-artes-marciales/proteccion-defensa/katanas/katanas-japonesas_Desde_51_NoIndex_True","Para La Espada Danceonlinehasebe Prototipos Escala 1/8 Abs Y","https://articulo.mercadolibre.com.co/MCO-873225445-para-la-espada-danceonlinehasebe-prototipos-escala-18-abs-y-_JM#position=47&search_layout=stack&type=item&tracking_id=5a5de2e5-84f7-48ba-bb2c-11c67d1b3d8d","Para La Espada Danceonlinehasebe Prototipos Escala 1/8 Abs Y","1.209.859","Cantidad:1 unidad(12 disponibles)","Floridablanca, Santander"
"1661798197-111","https://listado.mercadolibre.com.co/katanas-japonesas#D[A:katanas%20japonesas]","https://listado.mercadolibre.com.co/deportes-fitness/boxeo-artes-marciales/proteccion-defensa/katanas/katanas-japonesas_NoIndex_True","Saki Katana - Tijeras Japonesas  6 Unidades   Color Negro","https://articulo.mercadolibre.com.co/MCO-855927011-saki-katana-tijeras-japonesas-6-unidades-color-negro-_JM#position=8&search_layout=stack&type=item&tracking_id=2f7c856e-2c8b-4255-b63f-3bf50d1a0170","Saki Katana - Tijeras Japonesas  6 Unidades   Color Negro","1.607.900","Cantidad:1 unidad(10 disponibles)","San Cristobal Sur, Bogotá D.C."
"1661798052-43","https://listado.mercadolibre.com.co/katanas-japonesas#D[A:katanas%20japonesas]","https://listado.mercadolibre.com.co/deportes-fitness/boxeo-artes-marciales/proteccion-defensa/katanas/katanas-japonesas_Desde_51_NoIndex_True","Katana Shusui De Zoro De One Piece Cosplay","https://articulo.mercadolibre.com.co/MCO-949504314-katana-shusui-de-zoro-de-one-piece-cosplay-_JM#position=8&search_layout=stack&type=item&tracking_id=5a5de2e5-84f7-48ba-bb2c-11c67d1b3d8d","Katana Shusui De Zoro De One Piece Cosplay","250.000","null","Antonio Nariño, Bogotá D.C."
"1661798110-69","https://listado.mercadolibre.com.co/katanas-japonesas#D[A:katanas%20japonesas]","https://listado.mercadolibre.com.co/deportes-fitness/boxeo-artes-marciales/proteccion-defensa/katanas/katanas-japonesas_Desde_101_NoIndex_True","Lego Dual Scabbard Con 2 Espadas Katana De Plata","https://articulo.mercadolibre.com.co/MCO-882913073-lego-dual-scabbard-con-2-espadas-katana-de-plata-_JM#position=1&search_layout=stack&type=item&tracking_id=dca914cd-0fb2-4744-b5d2-a520d28be608","Lego Dual Scabbard Con 2 Espadas Katana De Plata","72.990","Cantidad:1 unidad(12 disponibles)","Aguachica, Cesar"
"1661798221-123","https://listado.mercadolibre.com.co/katanas-japonesas#D[A:katanas%20japonesas]","","Correa Accesorio Para Porta Katanas Para Cosplay Sofa Anime","https://articulo.mercadolibre.com.co/MCO-599384793-correa-accesorio-para-porta-katanas-para-cosplay-sofa-anime-_JM#position=46&search_layout=stack&type=item&tracking_id=4dd6e54e-5a70-4669-8c69-be353d1154f0","Correa Accesorio Para Porta Katanas Para Cosplay Sofa Anime","21.900","null","Fontibón, Bogotá D.C."
"1661798080-54","https://listado.mercadolibre.com.co/katanas-japonesas#D[A:katanas%20japonesas]","https://listado.mercadolibre.com.co/deportes-fitness/boxeo-artes-marciales/proteccion-defensa/katanas/katanas-japonesas_Desde_101_NoIndex_True","Katana De Dragón De 40 Pulgadas, Afilada En Acero Damasco","https://articulo.mercadolibre.com.co/MCO-872199577-katana-de-dragon-de-40-pulgadas-afilada-en-acero-damasco-_JM#position=16&search_layout=stack&type=item&tracking_id=dca914cd-0fb2-4744-b5d2-a520d28be608","Katana De Dragón De 40 Pulgadas, Afilada En Acero Damasco","1.799.000","null","Sabaneta, Antioquia"
"1661798219-122","https://listado.mercadolibre.com.co/katanas-japonesas#D[A:katanas%20japonesas]","","Katana Dragón De Acero Damasco, Rojo Sangre , Afilada","https://articulo.mercadolibre.com.co/MCO-932072551-katana-dragon-de-acero-damasco-rojo-sangre-afilada-_JM#position=47&search_layout=stack&type=item&tracking_id=4dd6e54e-5a70-4669-8c69-be353d1154f0","Katana Dragón De Acero Damasco, Rojo Sangre , Afilada","1.790.000","null","Sabaneta, Antioquia"
"1661798223-124","https://listado.mercadolibre.com.co/katanas-japonesas#D[A:katanas%20japonesas]","","Espada Ninja Ninjato Katana Solo Decoracion Y Lujo Cerbatana","https://articulo.mercadolibre.com.co/MCO-932031737-espada-ninja-ninjato-katana-solo-decoracion-y-lujo-cerbatana-_JM#position=45&search_layout=stack&type=item&tracking_id=4dd6e54e-5a70-4669-8c69-be353d1154f0","Espada Ninja Ninjato Katana Solo Decoracion Y Lujo Cerbatana","337.900","null","Fontibón, Bogotá D.C."
"1661798213-119","https://listado.mercadolibre.com.co/katanas-japonesas#D[A:katanas%20japonesas]","","Katana Musha Gold Warrior","https://articulo.mercadolibre.com.co/MCO-900255635-katana-musha-gold-warrior-_JM#position=50&search_layout=stack&type=item&tracking_id=4dd6e54e-5a70-4669-8c69-be353d1154f0","Katana Musha Gold Warrior","1.000.000","null","Cali, Valle Del Cauca"
"1661798120-73","https://listado.mercadolibre.com.co/katanas-japonesas#D[A:katanas%20japonesas]","https://listado.mercadolibre.com.co/deportes-fitness/boxeo-artes-marciales/proteccion-defensa/katanas/katanas-japonesas_NoIndex_True","Katana Dragón De Acero Damasco, Rojo Sangre , Afilada","https://articulo.mercadolibre.com.co/MCO-932072551-katana-dragon-de-acero-damasco-rojo-sangre-afilada-_JM#position=47&search_layout=stack&type=item&tracking_id=2f7c856e-2c8b-4255-b63f-3bf50d1a0170","Katana Dragón De Acero Damasco, Rojo Sangre , Afilada","1.790.000","null","Sabaneta, Antioquia"
"1661798308-135","https://listado.mercadolibre.com.co/katanas-japonesas#D[A:katanas%20japonesas]","","1: 6 Soldado Accs Samurai Katana Japonesa Hoja Corta Para","https://articulo.mercadolibre.com.co/MCO-814102617-1-6-soldado-accs-samurai-katana-japonesa-hoja-corta-para-_JM#position=2&search_layout=stack&type=item&tracking_id=4dd6e54e-5a70-4669-8c69-be353d1154f0","1: 6 Soldado Accs Samurai Katana Japonesa Hoja Corta Para","146.853","Cantidad:1 unidad(11 disponibles)","China"
"1661798181-103","https://listado.mercadolibre.com.co/katanas-japonesas#D[A:katanas%20japonesas]","https://listado.mercadolibre.com.co/deportes-fitness/boxeo-artes-marciales/proteccion-defensa/katanas/katanas-japonesas_NoIndex_True","Palillos Samurai Katana Japoneses Tres Heros Ieyasu Tokugawa","https://articulo.mercadolibre.com.co/MCO-593738747-palillos-samurai-katana-japoneses-tres-heros-ieyasu-tokugawa-_JM#position=16&search_layout=stack&type=item&tracking_id=2f7c856e-2c8b-4255-b63f-3bf50d1a0170","Palillos Samurai Katana Japoneses Tres Heros Ieyasu Tokugawa","228.795","Cantidad:1 unidad(12 disponibles)","Chapinero, Bogotá D.C."
"1661798159-92","https://listado.mercadolibre.com.co/katanas-japonesas#D[A:katanas%20japonesas]","https://listado.mercadolibre.com.co/deportes-fitness/boxeo-artes-marciales/proteccion-defensa/katanas/katanas-japonesas_NoIndex_True","Espada Katana Negra En Acero Para Arte Marcial Kendo Aikido","https://articulo.mercadolibre.com.co/MCO-496275888-espada-katana-negra-en-acero-para-arte-marcial-kendo-aikido-_JM#position=28&search_layout=stack&type=item&tracking_id=2f7c856e-2c8b-4255-b63f-3bf50d1a0170","Espada Katana Negra En Acero Para Arte Marcial Kendo Aikido","306.900","Cantidad:1 unidad(2 disponibles)","Fontibón, Bogotá D.C."
"1661798296-129","https://listado.mercadolibre.com.co/katanas-japonesas#D[A:katanas%20japonesas]","","Saki Katana - Tijeras Japonesas  6 Unidades   Color Negro","https://articulo.mercadolibre.com.co/MCO-855927011-saki-katana-tijeras-japonesas-6-unidades-color-negro-_JM#position=8&search_layout=stack&type=item&tracking_id=4dd6e54e-5a70-4669-8c69-be353d1154f0","Saki Katana - Tijeras Japonesas  6 Unidades   Color Negro","1.607.900","Cantidad:1 unidad(10 disponibles)","San Cristobal Sur, Bogotá D.C."
"1661797958-1","https://listado.mercadolibre.com.co/katanas-japonesas#D[A:katanas%20japonesas]","https://listado.mercadolibre.com.co/deportes-fitness/boxeo-artes-marciales/proteccion-defensa/katanas/katanas-japonesas_Desde_51_NoIndex_True","Samurai Tactical Wakizashi - Mochila Tactica","https://articulo.mercadolibre.com.co/MCO-856230220-samurai-tactical-wakizashi-mochila-tactica-_JM#position=50&search_layout=stack&type=item&tracking_id=5a5de2e5-84f7-48ba-bb2c-11c67d1b3d8d","Samurai Tactical Wakizashi - Mochila Tactica","269.900","Cantidad:1 unidad(10 disponibles)","Aguachica, Cesar"
"1661798201-113","https://listado.mercadolibre.com.co/katanas-japonesas#D[A:katanas%20japonesas]","https://listado.mercadolibre.com.co/deportes-fitness/boxeo-artes-marciales/proteccion-defensa/katanas/katanas-japonesas_NoIndex_True","Makoto - Bolsa De Seda Para Espadas Japonesas De Katana, Wak","https://articulo.mercadolibre.com.co/MCO-642277813-makoto-bolsa-de-seda-para-espadas-japonesas-de-katana-wak-_JM#position=6&search_layout=stack&type=item&tracking_id=2f7c856e-2c8b-4255-b63f-3bf50d1a0170","Makoto - Bolsa De Seda Para Espadas Japonesas De Katana, Wak","109.400","Cantidad:1 unidad(10 disponibles)","Aguachica, Cesar"
"1661798189-107","https://listado.mercadolibre.com.co/katanas-japonesas#D[A:katanas%20japonesas]","https://listado.mercadolibre.com.co/deportes-fitness/boxeo-artes-marciales/proteccion-defensa/katanas/katanas-japonesas_NoIndex_True","Katana Japonesa De Exhibición","https://articulo.mercadolibre.com.co/MCO-932078045-katana-japonesa-de-exhibicion-_JM#position=12&search_layout=stack&type=item&tracking_id=2f7c856e-2c8b-4255-b63f-3bf50d1a0170","Katana Japonesa De Exhibición","330.000","Cantidad:1 unidad(5 disponibles)","Usaquén, Bogotá D.C."
"1661798014-26","https://listado.mercadolibre.com.co/katanas-japonesas#D[A:katanas%20japonesas]","https://listado.mercadolibre.com.co/deportes-fitness/boxeo-artes-marciales/proteccion-defensa/katanas/katanas-japonesas_Desde_51_NoIndex_True","Soporte Para Espada, Soporte Para Katana De 1 Pieza, Soporte","https://articulo.mercadolibre.com.co/MCO-887334237-soporte-para-espada-soporte-para-katana-de-1-pieza-soporte-_JM#position=25&search_layout=stack&type=item&tracking_id=5a5de2e5-84f7-48ba-bb2c-11c67d1b3d8d","Soporte Para Espada, Soporte Para Katana De 1 Pieza, Soporte","107.029","Cantidad:1 unidad(100 disponibles)","China"
"1661798028-32","https://listado.mercadolibre.com.co/katanas-japonesas#D[A:katanas%20japonesas]","https://listado.mercadolibre.com.co/deportes-fitness/boxeo-artes-marciales/proteccion-defensa/katanas/katanas-japonesas_Desde_51_NoIndex_True","Nuevo Y De Alta Calidad Samurai Katana Metal Palanca De","https://articulo.mercadolibre.com.co/MCO-864626240-nuevo-y-de-alta-calidad-samurai-katana-metal-palanca-de-_JM#position=19&search_layout=stack&type=item&tracking_id=5a5de2e5-84f7-48ba-bb2c-11c67d1b3d8d","Nuevo Y De Alta Calidad Samurai Katana Metal Palanca De","388.957","Cantidad:1 unidad(3 disponibles)","China"
"1661798082-55","https://listado.mercadolibre.com.co/katanas-japonesas#D[A:katanas%20japonesas]","https://listado.mercadolibre.com.co/deportes-fitness/boxeo-artes-marciales/proteccion-defensa/katanas/katanas-japonesas_Desde_101_NoIndex_True","Katana Espada 1060 Hoja Acero Carbono Samurai Battle Ready","https://articulo.mercadolibre.com.co/MCO-918704030-katana-espada-1060-hoja-acero-carbono-samurai-battle-ready-_JM#position=15&search_layout=stack&type=item&tracking_id=dca914cd-0fb2-4744-b5d2-a520d28be608","Katana Espada 1060 Hoja Acero Carbono Samurai Battle Ready","1.361.510","Cantidad:1 unidad(10 disponibles)","Chapinero, Bogotá D.C."
"1661798148-87","https://listado.mercadolibre.com.co/katanas-japonesas#D[A:katanas%20japonesas]","https://listado.mercadolibre.com.co/deportes-fitness/boxeo-artes-marciales/proteccion-defensa/katanas/katanas-japonesas_NoIndex_True","Baston  Katana Oculta,defensa Personal,judo,karate,navaja","https://articulo.mercadolibre.com.co/MCO-452863893-baston-katana-ocultadefensa-personaljudokaratenavaja-_JM?searchVariation=38958167830#searchVariation=38958167830&position=33&search_layout=stack&type=item&tracking_id=2f7c856e-2c8b-4255-b63f-3bf50d1a0170","Baston  Katana Oculta,defensa Personal,judo,karate,navaja","209.900","Cantidad:1 unidad(2 disponibles)","Fontibón, Bogotá D.C."
"1661797963-3","https://listado.mercadolibre.com.co/katanas-japonesas#D[A:katanas%20japonesas]","https://listado.mercadolibre.com.co/deportes-fitness/boxeo-artes-marciales/proteccion-defensa/katanas/katanas-japonesas_Desde_51_NoIndex_True","Sh Kaeru Rana Wakizashi Multiples","https://articulo.mercadolibre.com.co/MCO-912918117-sh-kaeru-rana-wakizashi-multiples-_JM#position=48&search_layout=stack&type=item&tracking_id=5a5de2e5-84f7-48ba-bb2c-11c67d1b3d8d","Sh Kaeru Rana Wakizashi Multiples","7.852.990","null","Medellín, Antioquia"
"1661798046-40","https://listado.mercadolibre.com.co/katanas-japonesas#D[A:katanas%20japonesas]","https://listado.mercadolibre.com.co/deportes-fitness/boxeo-artes-marciales/proteccion-defensa/katanas/katanas-japonesas_Desde_51_NoIndex_True","Tsuba Decorativa Samurai X, Katana, Sakabatou, Espada, Sword","https://articulo.mercadolibre.com.co/MCO-597247298-tsuba-decorativa-samurai-x-katana-sakabatou-espada-sword-_JM#position=11&search_layout=stack&type=item&tracking_id=5a5de2e5-84f7-48ba-bb2c-11c67d1b3d8d","Tsuba Decorativa Samurai X, Katana, Sakabatou, Espada, Sword","82.900","Cantidad:1 unidad(2 disponibles)","Bucaramanga, Santander"
"1661797977-10","https://listado.mercadolibre.com.co/katanas-japonesas#D[A:katanas%20japonesas]","https://listado.mercadolibre.com.co/deportes-fitness/boxeo-artes-marciales/proteccion-defensa/katanas/katanas-japonesas_Desde_51_NoIndex_True","Espada De Madera Lacado Para Soporte Samurai Katana","https://articulo.mercadolibre.com.co/MCO-639295213-espada-de-madera-lacado-para-soporte-samurai-katana-_JM#position=41&search_layout=stack&type=item&tracking_id=5a5de2e5-84f7-48ba-bb2c-11c67d1b3d8d","Espada De Madera Lacado Para Soporte Samurai Katana","133.900","Cantidad:1 unidad(10 disponibles)","Aguachica, Cesar"
"1661798012-25","https://listado.mercadolibre.com.co/katanas-japonesas#D[A:katanas%20japonesas]","https://listado.mercadolibre.com.co/deportes-fitness/boxeo-artes-marciales/proteccion-defensa/katanas/katanas-japonesas_Desde_51_NoIndex_True","Catillas De Palanca De Palanca De 20 Centímetros Negro Rojo","https://articulo.mercadolibre.com.co/MCO-847419291-catillas-de-palanca-de-palanca-de-20-centimetros-negro-rojo-_JM#position=26&search_layout=stack&type=item&tracking_id=5a5de2e5-84f7-48ba-bb2c-11c67d1b3d8d","Catillas De Palanca De Palanca De 20 Centímetros Negro Rojo","320.997","Cantidad:1 unidad(2 disponibles)","China"
"1661798122-74","https://listado.mercadolibre.com.co/katanas-japonesas#D[A:katanas%20japonesas]","https://listado.mercadolibre.com.co/deportes-fitness/boxeo-artes-marciales/proteccion-defensa/katanas/katanas-japonesas_NoIndex_True","Correa Accesorio Para Porta Katanas Para Cosplay Sofa Anime","https://articulo.mercadolibre.com.co/MCO-599384793-correa-accesorio-para-porta-katanas-para-cosplay-sofa-anime-_JM#position=46&search_layout=stack&type=item&tracking_id=2f7c856e-2c8b-4255-b63f-3bf50d1a0170","Correa Accesorio Para Porta Katanas Para Cosplay Sofa Anime","21.900","null","Fontibón, Bogotá D.C."
"1661798137-81","https://listado.mercadolibre.com.co/katanas-japonesas#D[A:katanas%20japonesas]","https://listado.mercadolibre.com.co/deportes-fitness/boxeo-artes-marciales/proteccion-defensa/katanas/katanas-japonesas_NoIndex_True","Katana Espada  Sable  Coleccion Anime Fontibon Daga No Stand","https://articulo.mercadolibre.com.co/MCO-458695301-katana-espada-sable-coleccion-anime-fontibon-daga-no-stand-_JM?searchVariation=39077581000#searchVariation=39077581000&position=39&search_layout=stack&type=item&tracking_id=2f7c856e-2c8b-4255-b63f-3bf50d1a0170","Katana Espada  Sable  Coleccion Anime Fontibon Daga No Stand","306.900","Cantidad:1 unidad(2 disponibles)","Fontibón, Bogotá D.C."
"1661798225-125","https://listado.mercadolibre.com.co/katanas-japonesas#D[A:katanas%20japonesas]","","Espada Katana Samarai Blanca Dragón (3 Piezas) Con Estante","https://articulo.mercadolibre.com.co/MCO-653071584-espada-katana-samarai-blanca-dragon-3-piezas-con-estante-_JM#position=44&search_layout=stack&type=item&tracking_id=4dd6e54e-5a70-4669-8c69-be353d1154f0","Espada Katana Samarai Blanca Dragón (3 Piezas) Con Estante","800.000","Cantidad:1 unidad(3 disponibles)","Sabaneta, Antioquia"
"1661798067-50","https://listado.mercadolibre.com.co/katanas-japonesas#D[A:katanas%20japonesas]","https://listado.mercadolibre.com.co/deportes-fitness/boxeo-artes-marciales/proteccion-defensa/katanas/katanas-japonesas_Desde_51_NoIndex_True","Espada Katana Sable Daga Deadpool Samuraix No Stand Cosplay","https://articulo.mercadolibre.com.co/MCO-601613126-espada-katana-sable-daga-deadpool-samuraix-no-stand-cosplay-_JM#position=1&search_layout=stack&type=item&tracking_id=5a5de2e5-84f7-48ba-bb2c-11c67d1b3d8d","Espada Katana Sable Daga Deadpool Samuraix No Stand Cosplay","306.900","Cantidad:1 unidad(3 disponibles)","Fontibón, Bogotá D.C."
"1661798300-131","https://listado.mercadolibre.com.co/katanas-japonesas#D[A:katanas%20japonesas]","","Makoto - Bolsa De Seda Para Espadas Japonesas De Katana, Wak","https://articulo.mercadolibre.com.co/MCO-642277813-makoto-bolsa-de-seda-para-espadas-japonesas-de-katana-wak-_JM#position=6&search_layout=stack&type=item&tracking_id=4dd6e54e-5a70-4669-8c69-be353d1154f0","Makoto - Bolsa De Seda Para Espadas Japonesas De Katana, Wak","109.400","Cantidad:1 unidad(10 disponibles)","Aguachica, Cesar"
"1661798118-72","https://listado.mercadolibre.com.co/katanas-japonesas#D[A:katanas%20japonesas]","https://listado.mercadolibre.com.co/deportes-fitness/boxeo-artes-marciales/proteccion-defensa/katanas/katanas-japonesas_NoIndex_True","Accesorio Correa Portakatana,cosplay Anime,walking No Katana","https://articulo.mercadolibre.com.co/MCO-452372452-accesorio-correa-portakatanacosplay-animewalking-no-katana-_JM#position=48&search_layout=stack&type=item&tracking_id=2f7c856e-2c8b-4255-b63f-3bf50d1a0170","Accesorio Correa Portakatana,cosplay Anime,walking No Katana","24.900","Cantidad:1 unidad(2 disponibles)","Fontibón, Bogotá D.C."
"1661797961-2","https://listado.mercadolibre.com.co/katanas-japonesas#D[A:katanas%20japonesas]","https://listado.mercadolibre.com.co/deportes-fitness/boxeo-artes-marciales/proteccion-defensa/katanas/katanas-japonesas_Desde_51_NoIndex_True","Montaje En A Ed 5 Ni Eles Titula  De La Espada Del Sam...","https://articulo.mercadolibre.com.co/MCO-605072862-montaje-en-a-ed-5-ni-eles-titula-de-la-espada-del-sam-_JM#position=49&search_layout=stack&type=item&tracking_id=5a5de2e5-84f7-48ba-bb2c-11c67d1b3d8d","Montaje En A Ed 5 Ni Eles Titula  De La Espada Del Sam...","381.999","Cantidad:1 unidad(5 disponibles)","Engativá, Bogotá D.C."
"1661798207-116","https://listado.mercadolibre.com.co/katanas-japonesas#D[A:katanas%20japonesas]","https://listado.mercadolibre.com.co/deportes-fitness/boxeo-artes-marciales/proteccion-defensa/katanas/katanas-japonesas_NoIndex_True","1: 6 Soldado Accs Samurai Katana Japonesa Hoja Corta Para","https://articulo.mercadolibre.com.co/MCO-844672931-1-6-soldado-accs-samurai-katana-japonesa-hoja-corta-para-_JM#position=3&search_layout=stack&type=item&tracking_id=2f7c856e-2c8b-4255-b63f-3bf50d1a0170","1: 6 Soldado Accs Samurai Katana Japonesa Hoja Corta Para","132.408","Cantidad:1 unidad(11 disponibles)","Guangdong"
"1661798216-120","https://listado.mercadolibre.com.co/katanas-japonesas#D[A:katanas%20japonesas]","","Kit De Limpieza Espadas, Katana Samurai, Kenjutsu, Ninjutsu","https://articulo.mercadolibre.com.co/MCO-596880237-kit-de-limpieza-espadas-katana-samurai-kenjutsu-ninjutsu-_JM#position=49&search_layout=stack&type=item&tracking_id=4dd6e54e-5a70-4669-8c69-be353d1154f0","Kit De Limpieza Espadas, Katana Samurai, Kenjutsu, Ninjutsu","97.800","Cantidad:1 unidad(2 disponibles)","Bucaramanga, Santander"
"1661798096-62","https://listado.mercadolibre.com.co/katanas-japonesas#D[A:katanas%20japonesas]","https://listado.mercadolibre.com.co/deportes-fitness/boxeo-artes-marciales/proteccion-defensa/katanas/katanas-japonesas_Desde_101_NoIndex_True","Katana Cambio De Mando De La Palanca De Cambios Samurai...","https://articulo.mercadolibre.com.co/MCO-619785561-katana-cambio-de-mando-de-la-palanca-de-cambios-samurai-_JM#position=8&search_layout=stack&type=item&tracking_id=dca914cd-0fb2-4744-b5d2-a520d28be608","Katana Cambio De Mando De La Palanca De Cambios Samurai...","151.999","Cantidad:1 unidad(5 disponibles)","Engativá, Bogotá D.C."
"1661797999-20","https://listado.mercadolibre.com.co/katanas-japonesas#D[A:katanas%20japonesas]","https://listado.mercadolibre.com.co/deportes-fitness/boxeo-artes-marciales/proteccion-defensa/katanas/katanas-japonesas_Desde_51_NoIndex_True","Abrecartas Katana Corto Negro","https://articulo.mercadolibre.com.co/MCO-583110349-abrecartas-katana-corto-negro-_JM#position=31&search_layout=stack&type=item&tracking_id=5a5de2e5-84f7-48ba-bb2c-11c67d1b3d8d","Abrecartas Katana Corto Negro","277.900","Cantidad:1 unidad(5 disponibles)","Engativá, Bogotá D.C."
"1661798019-28","https://listado.mercadolibre.com.co/katanas-japonesas#D[A:katanas%20japonesas]","https://listado.mercadolibre.com.co/deportes-fitness/boxeo-artes-marciales/proteccion-defensa/katanas/katanas-japonesas_Desde_51_NoIndex_True","Catillas De Palanca De Palanca De 20 Centímetros Oro Negro","https://articulo.mercadolibre.com.co/MCO-842726008-catillas-de-palanca-de-palanca-de-20-centimetros-oro-negro-_JM#position=23&search_layout=stack&type=item&tracking_id=5a5de2e5-84f7-48ba-bb2c-11c67d1b3d8d","Catillas De Palanca De Palanca De 20 Centímetros Oro Negro","243.081","null","China"
"1661798210-117","https://listado.mercadolibre.com.co/katanas-japonesas#D[A:katanas%20japonesas]","https://listado.mercadolibre.com.co/deportes-fitness/boxeo-artes-marciales/proteccion-defensa/katanas/katanas-japonesas_NoIndex_True","1: 6 Soldado Accs Samurai Katana Japonesa Hoja Corta Para","https://articulo.mercadolibre.com.co/MCO-814102617-1-6-soldado-accs-samurai-katana-japonesa-hoja-corta-para-_JM#position=2&search_layout=stack&type=item&tracking_id=2f7c856e-2c8b-4255-b63f-3bf50d1a0170","1: 6 Soldado Accs Samurai Katana Japonesa Hoja Corta Para","146.853","Cantidad:1 unidad(11 disponibles)","China"
"1661798187-106","https://listado.mercadolibre.com.co/katanas-japonesas#D[A:katanas%20japonesas]","https://listado.mercadolibre.com.co/deportes-fitness/boxeo-artes-marciales/proteccion-defensa/katanas/katanas-japonesas_NoIndex_True","Katana Japonesa De Exhibición","https://articulo.mercadolibre.com.co/MCO-932102825-katana-japonesa-de-exhibicion-_JM#position=13&search_layout=stack&type=item&tracking_id=2f7c856e-2c8b-4255-b63f-3bf50d1a0170","Katana Japonesa De Exhibición","350.000","Cantidad:1 unidad(5 disponibles)","Usaquén, Bogotá D.C."
"1661798212-118","https://listado.mercadolibre.com.co/katanas-japonesas#D[A:katanas%20japonesas]","https://listado.mercadolibre.com.co/deportes-fitness/boxeo-artes-marciales/proteccion-defensa/katanas/katanas-japonesas_NoIndex_True","Katana Espada Sable Armas Modelo Adornos Para Figuras De","https://articulo.mercadolibre.com.co/MCO-832126289-katana-espada-sable-armas-modelo-adornos-para-figuras-de-_JM#position=1&search_layout=stack&type=item&tracking_id=2f7c856e-2c8b-4255-b63f-3bf50d1a0170","Katana Espada Sable Armas Modelo Adornos Para Figuras De","146.853","Cantidad:1 unidad(9 disponibles)","China"
"1661798164-95","https://listado.mercadolibre.com.co/katanas-japonesas#D[A:katanas%20japonesas]","https://listado.mercadolibre.com.co/deportes-fitness/boxeo-artes-marciales/proteccion-defensa/katanas/katanas-japonesas_NoIndex_True","Kimetsu No Yaiba Espada Katana En Caja Precio Por Unidad","https://articulo.mercadolibre.com.co/MCO-849188563-kimetsu-no-yaiba-espada-katana-en-caja-precio-por-unidad-_JM?searchVariation=174263783321#searchVariation=174263783321&position=25&search_layout=stack&type=item&tracking_id=2f7c856e-2c8b-4255-b63f-3bf50d1a0170","Kimetsu No Yaiba Espada Katana En Caja Precio Por Unidad","35.000","null","Puente Aranda, Bogotá D.C."
"1661798090-59","https://listado.mercadolibre.com.co/katanas-japonesas#D[A:katanas%20japonesas]","https://listado.mercadolibre.com.co/deportes-fitness/boxeo-artes-marciales/proteccion-defensa/katanas/katanas-japonesas_Desde_101_NoIndex_True","Shadow Ninjas Night Fury Fury Katana Sword Disfraz Acce...","https://articulo.mercadolibre.com.co/MCO-654172392-shadow-ninjas-night-fury-fury-katana-sword-disfraz-acce-_JM#position=11&search_layout=stack&type=item&tracking_id=dca914cd-0fb2-4744-b5d2-a520d28be608","Shadow Ninjas Night Fury Fury Katana Sword Disfraz Acce...","194.999","null","Engativá, Bogotá D.C."
"1661798102-65","https://listado.mercadolibre.com.co/katanas-japonesas#D[A:katanas%20japonesas]","https://listado.mercadolibre.com.co/deportes-fitness/boxeo-artes-marciales/proteccion-defensa/katanas/katanas-japonesas_Desde_101_NoIndex_True","Katana 3d Esmalte Pin Pin Espada Samurai","https://articulo.mercadolibre.com.co/MCO-605663463-katana-3d-esmalte-pin-pin-espada-samurai-_JM#position=5&search_layout=stack&type=item&tracking_id=dca914cd-0fb2-4744-b5d2-a520d28be608","Katana 3d Esmalte Pin Pin Espada Samurai","136.999","Cantidad:1 unidad(5 disponibles)","Engativá, Bogotá D.C."
"1661798062-47","https://listado.mercadolibre.com.co/katanas-japonesas#D[A:katanas%20japonesas]","https://listado.mercadolibre.com.co/deportes-fitness/boxeo-artes-marciales/proteccion-defensa/katanas/katanas-japonesas_Desde_51_NoIndex_True","Espada Ninja Ninjato Katana Solo Decoracion  Anime Ninjutsu","https://articulo.mercadolibre.com.co/MCO-931949775-espada-ninja-ninjato-katana-solo-decoracion-anime-ninjutsu-_JM#position=4&search_layout=stack&type=item&tracking_id=5a5de2e5-84f7-48ba-bb2c-11c67d1b3d8d","Espada Ninja Ninjato Katana Solo Decoracion  Anime Ninjutsu","337.900","Cantidad:1 unidad(2 disponibles)","Fontibón, Bogotá D.C."
"1661798017-27","https://listado.mercadolibre.com.co/katanas-japonesas#D[A:katanas%20japonesas]","https://listado.mercadolibre.com.co/deportes-fitness/boxeo-artes-marciales/proteccion-defensa/katanas/katanas-japonesas_Desde_51_NoIndex_True","Cambio De Marchas Del Coche Botón De La Cabeza Palanca De","https://articulo.mercadolibre.com.co/MCO-869124539-cambio-de-marchas-del-coche-boton-de-la-cabeza-palanca-de-_JM#position=24&search_layout=stack&type=item&tracking_id=5a5de2e5-84f7-48ba-bb2c-11c67d1b3d8d","Cambio De Marchas Del Coche Botón De La Cabeza Palanca De","144.853","Cantidad:1 unidad(2 disponibles)","Guangdong"
"1661798009-24","https://listado.mercadolibre.com.co/katanas-japonesas#D[A:katanas%20japonesas]","https://listado.mercadolibre.com.co/deportes-fitness/boxeo-artes-marciales/proteccion-defensa/katanas/katanas-japonesas_Desde_51_NoIndex_True","Estante Para Cuchillos Soporte Japonés Varilla De 4 Capas","https://articulo.mercadolibre.com.co/MCO-884497384-estante-para-cuchillos-soporte-japones-varilla-de-4-capas-_JM#position=27&search_layout=stack&type=item&tracking_id=5a5de2e5-84f7-48ba-bb2c-11c67d1b3d8d","Estante Para Cuchillos Soporte Japonés Varilla De 4 Capas","137.919","Cantidad:1 unidad(16 disponibles)","China"
"1661798178-101","https://listado.mercadolibre.com.co/katanas-japonesas#D[A:katanas%20japonesas]","https://listado.mercadolibre.com.co/deportes-fitness/boxeo-artes-marciales/proteccion-defensa/katanas/katanas-japonesas_NoIndex_True","Katana Japonesa De Exhibición","https://articulo.mercadolibre.com.co/MCO-932090075-katana-japonesa-de-exhibicion-_JM#position=18&search_layout=stack&type=item&tracking_id=2f7c856e-2c8b-4255-b63f-3bf50d1a0170","Katana Japonesa De Exhibición","330.000","Cantidad:1 unidad(5 disponibles)","Usaquén, Bogotá D.C."
"1661798064-48","https://listado.mercadolibre.com.co/katanas-japonesas#D[A:katanas%20japonesas]","https://listado.mercadolibre.com.co/deportes-fitness/boxeo-artes-marciales/proteccion-defensa/katanas/katanas-japonesas_Desde_51_NoIndex_True","Katana Samurai Kuro - Funcional En Acero Al Carbono 1045","https://articulo.mercadolibre.com.co/MCO-580008264-katana-samurai-kuro-funcional-en-acero-al-carbono-1045-_JM#position=3&search_layout=stack&type=item&tracking_id=5a5de2e5-84f7-48ba-bb2c-11c67d1b3d8d","Katana Samurai Kuro - Funcional En Acero Al Carbono 1045","1.042.800","null","Bucaramanga, Santander"
"1661797971-7","https://listado.mercadolibre.com.co/katanas-japonesas#D[A:katanas%20japonesas]","https://listado.mercadolibre.com.co/deportes-fitness/boxeo-artes-marciales/proteccion-defensa/katanas/katanas-japonesas_Desde_51_NoIndex_True","E Bogu Olip Opileno Neg O Ninja Ninjutsu Katana 34 5","https://articulo.mercadolibre.com.co/MCO-605072876-e-bogu-olip-opileno-neg-o-ninja-ninjutsu-katana-34-5-_JM#position=44&search_layout=stack&type=item&tracking_id=5a5de2e5-84f7-48ba-bb2c-11c67d1b3d8d","E Bogu Olip Opileno Neg O Ninja Ninjutsu Katana 34 5","317.999","null","Engativá, Bogotá D.C."
"1661798003-22","https://listado.mercadolibre.com.co/katanas-japonesas#D[A:katanas%20japonesas]","https://listado.mercadolibre.com.co/deportes-fitness/boxeo-artes-marciales/proteccion-defensa/katanas/katanas-japonesas_Desde_51_NoIndex_True","Catillas De Palanca De Palanca De 20 Centímetros Negro","https://articulo.mercadolibre.com.co/MCO-843062618-catillas-de-palanca-de-palanca-de-20-centimetros-negro-_JM#position=29&search_layout=stack&type=item&tracking_id=5a5de2e5-84f7-48ba-bb2c-11c67d1b3d8d","Catillas De Palanca De Palanca De 20 Centímetros Negro","322.153","Cantidad:1 unidad(2 disponibles)","China"
"1661798302-132","https://listado.mercadolibre.com.co/katanas-japonesas#D[A:katanas%20japonesas]","","1: 6 Soldado Accs Samurai Katana Japonesa Hoja Corta Para","https://articulo.mercadolibre.com.co/MCO-850175734-1-6-soldado-accs-samurai-katana-japonesa-hoja-corta-para-_JM#position=5&search_layout=stack&type=item&tracking_id=4dd6e54e-5a70-4669-8c69-be353d1154f0","1: 6 Soldado Accs Samurai Katana Japonesa Hoja Corta Para","146.853","Cantidad:1 unidad(11 disponibles)","Guangdong"
"1661798175-100","https://listado.mercadolibre.com.co/katanas-japonesas#D[A:katanas%20japonesas]","https://listado.mercadolibre.com.co/deportes-fitness/boxeo-artes-marciales/proteccion-defensa/katanas/katanas-japonesas_NoIndex_True","Katanas Japonesas 3 Tamaños, Hoja Acero, D Colección. Usadas","https://articulo.mercadolibre.com.co/MCO-653999713-katanas-japonesas-3-tamanos-hoja-acero-d-coleccion-usadas-_JM#position=19&search_layout=stack&type=item&tracking_id=2f7c856e-2c8b-4255-b63f-3bf50d1a0170","Katanas Japonesas 3 Tamaños, Hoja Acero, D Colección. Usadas","1.175.000","null","Chía, Cundinamarca"
"1661798129-77","https://listado.mercadolibre.com.co/katanas-japonesas#D[A:katanas%20japonesas]","https://listado.mercadolibre.com.co/deportes-fitness/boxeo-artes-marciales/proteccion-defensa/katanas/katanas-japonesas_NoIndex_True","Base Espadas X2 - Mesa - Para Katana, Wakizashi, Bokken","https://articulo.mercadolibre.com.co/MCO-644730779-base-espadas-x2-mesa-para-katana-wakizashi-bokken-_JM#position=43&search_layout=stack&type=item&tracking_id=2f7c856e-2c8b-4255-b63f-3bf50d1a0170","Base Espadas X2 - Mesa - Para Katana, Wakizashi, Bokken","72.500","Cantidad:1 unidad(3 disponibles)","Bucaramanga, Santander"
"1661798304-133","https://listado.mercadolibre.com.co/katanas-japonesas#D[A:katanas%20japonesas]","","Katana Espada Sable Armas Modelo Adornos Para Figuras De","https://articulo.mercadolibre.com.co/MCO-913312378-katana-espada-sable-armas-modelo-adornos-para-figuras-de-_JM#position=4&search_layout=stack&type=item&tracking_id=4dd6e54e-5a70-4669-8c69-be353d1154f0","Katana Espada Sable Armas Modelo Adornos Para Figuras De","128.185","Cantidad:1 unidad(9 disponibles)","China"
"1661797993-17","https://listado.mercadolibre.com.co/katanas-japonesas#D[A:katanas%20japonesas]","https://listado.mercadolibre.com.co/deportes-fitness/boxeo-artes-marciales/proteccion-defensa/katanas/katanas-japonesas_Desde_51_NoIndex_True","Bolso Bandolera","https://articulo.mercadolibre.com.co/MCO-580904011-bolso-bandolera-_JM#position=34&search_layout=stack&type=item&tracking_id=5a5de2e5-84f7-48ba-bb2c-11c67d1b3d8d","Bolso Bandolera","1.350.900","Cantidad:1 unidad(5 disponibles)","Engativá, Bogotá D.C."
"1661798066-49","https://listado.mercadolibre.com.co/katanas-japonesas#D[A:katanas%20japonesas]","https://listado.mercadolibre.com.co/deportes-fitness/boxeo-artes-marciales/proteccion-defensa/katanas/katanas-japonesas_Desde_51_NoIndex_True","Estante De Exhibición Del Soporte 2 Capas 14,6x9,8 Pulgadas","https://articulo.mercadolibre.com.co/MCO-890188440-estante-de-exhibicion-del-soporte-2-capas-146x98-pulgadas-_JM#position=2&search_layout=stack&type=item&tracking_id=5a5de2e5-84f7-48ba-bb2c-11c67d1b3d8d","Estante De Exhibición Del Soporte 2 Capas 14,6x9,8 Pulgadas","97.117","Cantidad:1 unidad(8 disponibles)","China"
"1661798092-60","https://listado.mercadolibre.com.co/katanas-japonesas#D[A:katanas%20japonesas]","https://listado.mercadolibre.com.co/deportes-fitness/boxeo-artes-marciales/proteccion-defensa/katanas/katanas-japonesas_Desde_101_NoIndex_True","Japonés Samu Ai Espadas A  Eso Ios Mekugi Eg A A Kat...","https://articulo.mercadolibre.com.co/MCO-605072959-japones-samu-ai-espadas-a-eso-ios-mekugi-eg-a-a-kat-_JM#position=10&search_layout=stack&type=item&tracking_id=dca914cd-0fb2-4744-b5d2-a520d28be608","Japonés Samu Ai Espadas A  Eso Ios Mekugi Eg A A Kat...","132.999","Cantidad:1 unidad(5 disponibles)","Engativá, Bogotá D.C."
"1661798108-68","https://listado.mercadolibre.com.co/katanas-japonesas#D[A:katanas%20japonesas]","https://listado.mercadolibre.com.co/deportes-fitness/boxeo-artes-marciales/proteccion-defensa/katanas/katanas-japonesas_Desde_101_NoIndex_True","Cordon Ito Para Envolver Mango Saya De Katana De Seda Sint","https://articulo.mercadolibre.com.co/MCO-641988865-cordon-ito-para-envolver-mango-saya-de-katana-de-seda-sint-_JM#position=2&search_layout=stack&type=item&tracking_id=dca914cd-0fb2-4744-b5d2-a520d28be608","Cordon Ito Para Envolver Mango Saya De Katana De Seda Sint","128.100","Cantidad:1 unidad(10 disponibles)","Aguachica, Cesar"
"1661797997-19","https://listado.mercadolibre.com.co/katanas-japonesas#D[A:katanas%20japonesas]","https://listado.mercadolibre.com.co/deportes-fitness/boxeo-artes-marciales/proteccion-defensa/katanas/katanas-japonesas_Desde_51_NoIndex_True","Mantenimiento De Espada De Samurai Japonés Katana De Ace","https://articulo.mercadolibre.com.co/MCO-564557176-mantenimiento-de-espada-de-samurai-japones-katana-de-ace-_JM#position=32&search_layout=stack&type=item&tracking_id=5a5de2e5-84f7-48ba-bb2c-11c67d1b3d8d","Mantenimiento De Espada De Samurai Japonés Katana De Ace","149.900","Cantidad:1 unidad(5 disponibles)","Engativá, Bogotá D.C."
"1661797980-11","https://listado.mercadolibre.com.co/katanas-japonesas#D[A:katanas%20japonesas]","https://listado.mercadolibre.com.co/deportes-fitness/boxeo-artes-marciales/proteccion-defensa/katanas/katanas-japonesas_Desde_51_NoIndex_True","Kei Project Katana Samurai Espada Palanca De Cambios Palanca","https://articulo.mercadolibre.com.co/MCO-592689002-kei-project-katana-samurai-espada-palanca-de-cambios-palanca-_JM#position=40&search_layout=stack&type=item&tracking_id=5a5de2e5-84f7-48ba-bb2c-11c67d1b3d8d","Kei Project Katana Samurai Espada Palanca De Cambios Palanca","311.990","Cantidad:1 unidad(12 disponibles)","Aguachica, Cesar"
"1661798154-90","https://listado.mercadolibre.com.co/katanas-japonesas#D[A:katanas%20japonesas]","https://listado.mercadolibre.com.co/deportes-fitness/boxeo-artes-marciales/proteccion-defensa/katanas/katanas-japonesas_NoIndex_True","Espada Katana Bokken Madera Entrenamiento Kendo","https://articulo.mercadolibre.com.co/MCO-618074204-espada-katana-bokken-madera-entrenamiento-kendo-_JM#position=30&search_layout=stack&type=item&tracking_id=2f7c856e-2c8b-4255-b63f-3bf50d1a0170","Espada Katana Bokken Madera Entrenamiento Kendo","249.900","Cantidad:1 unidad(3 disponibles)","Chapinero, Bogotá D.C."
"1661798025-31","https://listado.mercadolibre.com.co/katanas-japonesas#D[A:katanas%20japonesas]","https://listado.mercadolibre.com.co/deportes-fitness/boxeo-artes-marciales/proteccion-defensa/katanas/katanas-japonesas_Desde_51_NoIndex_True","Catillas De Palanca De Palanca 20 Centímetros Azul Blanco","https://articulo.mercadolibre.com.co/MCO-821931287-catillas-de-palanca-de-palanca-20-centimetros-azul-blanco-_JM#position=20&search_layout=stack&type=item&tracking_id=5a5de2e5-84f7-48ba-bb2c-11c67d1b3d8d","Catillas De Palanca De Palanca 20 Centímetros Azul Blanco","320.997","Cantidad:1 unidad(2 disponibles)","China"
"1661798171-98","https://listado.mercadolibre.com.co/katanas-japonesas#D[A:katanas%20japonesas]","https://listado.mercadolibre.com.co/deportes-fitness/boxeo-artes-marciales/proteccion-defensa/katanas/katanas-japonesas_NoIndex_True","Katana Kimetsu No Yaiba Demon Slayer Espada Metálica","https://articulo.mercadolibre.com.co/MCO-881377904-katana-kimetsu-no-yaiba-demon-slayer-espada-metalica-_JM#position=22&search_layout=stack&type=item&tracking_id=2f7c856e-2c8b-4255-b63f-3bf50d1a0170","Katana Kimetsu No Yaiba Demon Slayer Espada Metálica","65.000","Cantidad:1 unidad(5 disponibles)","Puente Aranda, Bogotá D.C."
"1661798125-75","https://listado.mercadolibre.com.co/katanas-japonesas#D[A:katanas%20japonesas]","https://listado.mercadolibre.com.co/deportes-fitness/boxeo-artes-marciales/proteccion-defensa/katanas/katanas-japonesas_NoIndex_True","Espada Ninja Ninjato Katana Solo Decoracion Y Lujo Cerbatana","https://articulo.mercadolibre.com.co/MCO-932031737-espada-ninja-ninjato-katana-solo-decoracion-y-lujo-cerbatana-_JM#position=45&search_layout=stack&type=item&tracking_id=2f7c856e-2c8b-4255-b63f-3bf50d1a0170","Espada Ninja Ninjato Katana Solo Decoracion Y Lujo Cerbatana","337.900","null","Fontibón, Bogotá D.C."
"1661798084-56","https://listado.mercadolibre.com.co/katanas-japonesas#D[A:katanas%20japonesas]","https://listado.mercadolibre.com.co/deportes-fitness/boxeo-artes-marciales/proteccion-defensa/katanas/katanas-japonesas_Desde_101_NoIndex_True","Espada Katana Doble Filo Espiga Completa Hoja Acero Carbono","https://articulo.mercadolibre.com.co/MCO-918652251-espada-katana-doble-filo-espiga-completa-hoja-acero-carbono-_JM#position=14&search_layout=stack&type=item&tracking_id=dca914cd-0fb2-4744-b5d2-a520d28be608","Espada Katana Doble Filo Espiga Completa Hoja Acero Carbono","1.361.510","Cantidad:1 unidad(10 disponibles)","Chapinero, Bogotá D.C."
"1661798150-88","https://listado.mercadolibre.com.co/katanas-japonesas#D[A:katanas%20japonesas]","https://listado.mercadolibre.com.co/deportes-fitness/boxeo-artes-marciales/proteccion-defensa/katanas/katanas-japonesas_NoIndex_True","Base Espadas X1 - Mesa - Katana Kake, Soporte, Exhibidor","https://articulo.mercadolibre.com.co/MCO-600308162-base-espadas-x1-mesa-katana-kake-soporte-exhibidor-_JM#position=32&search_layout=stack&type=item&tracking_id=2f7c856e-2c8b-4255-b63f-3bf50d1a0170","Base Espadas X1 - Mesa - Katana Kake, Soporte, Exhibidor","47.500","null","Bucaramanga, Santander"
"1661798077-53","https://listado.mercadolibre.com.co/katanas-japonesas#D[A:katanas%20japonesas]","https://listado.mercadolibre.com.co/deportes-fitness/boxeo-artes-marciales/proteccion-defensa/katanas/katanas-japonesas_Desde_101_NoIndex_True","Espada Wakizashi De Combate De Ronin Con Vaina Moldeada Por","https://articulo.mercadolibre.com.co/MCO-843369259-espada-wakizashi-de-combate-de-ronin-con-vaina-moldeada-por-_JM#position=17&search_layout=stack&type=item&tracking_id=dca914cd-0fb2-4744-b5d2-a520d28be608","Espada Wakizashi De Combate De Ronin Con Vaina Moldeada Por","378.900","Cantidad:1 unidad(10 disponibles)","Aguachica, Cesar"
"1661798050-42","https://listado.mercadolibre.com.co/katanas-japonesas#D[A:katanas%20japonesas]","https://listado.mercadolibre.com.co/deportes-fitness/boxeo-artes-marciales/proteccion-defensa/katanas/katanas-japonesas_Desde_51_NoIndex_True","Katana Rengoku Demon Slayer Cosplay (poliuretano)","https://articulo.mercadolibre.com.co/MCO-949009242-katana-rengoku-demon-slayer-cosplay-poliuretano-_JM#position=9&search_layout=stack&type=item&tracking_id=5a5de2e5-84f7-48ba-bb2c-11c67d1b3d8d","Katana Rengoku Demon Slayer Cosplay (poliuretano)","250.000","null","Antonio Nariño, Bogotá D.C."
"1661798044-39","https://listado.mercadolibre.com.co/katanas-japonesas#D[A:katanas%20japonesas]","https://listado.mercadolibre.com.co/deportes-fitness/boxeo-artes-marciales/proteccion-defensa/katanas/katanas-japonesas_Desde_51_NoIndex_True","Katana Kochou Shinobu Demon Slayer Cosplay (madera)","https://articulo.mercadolibre.com.co/MCO-949498074-katana-kochou-shinobu-demon-slayer-cosplay-madera-_JM#position=12&search_layout=stack&type=item&tracking_id=5a5de2e5-84f7-48ba-bb2c-11c67d1b3d8d","Katana Kochou Shinobu Demon Slayer Cosplay (madera)","250.000","null","Antonio Nariño, Bogotá D.C."
"1661798168-97","https://listado.mercadolibre.com.co/katanas-japonesas#D[A:katanas%20japonesas]","https://listado.mercadolibre.com.co/deportes-fitness/boxeo-artes-marciales/proteccion-defensa/katanas/katanas-japonesas_NoIndex_True","Kimetsu No Yaiba Demon Slayer Mini Espada Katana En Blíster","https://articulo.mercadolibre.com.co/MCO-880738316-kimetsu-no-yaiba-demon-slayer-mini-espada-katana-en-blister-_JM?searchVariation=174396999005#searchVariation=174396999005&position=23&search_layout=stack&type=item&tracking_id=2f7c856e-2c8b-4255-b63f-3bf50d1a0170","Kimetsu No Yaiba Demon Slayer Mini Espada Katana En Blíster","65.000","Cantidad:1 unidad(3 disponibles)","Puente Aranda, Bogotá D.C."
"1661798227-126","https://listado.mercadolibre.com.co/katanas-japonesas#D[A:katanas%20japonesas]","","Base Espadas X2 - Mesa - Para Katana, Wakizashi, Bokken","https://articulo.mercadolibre.com.co/MCO-644730779-base-espadas-x2-mesa-para-katana-wakizashi-bokken-_JM#position=43&search_layout=stack&type=item&tracking_id=4dd6e54e-5a70-4669-8c69-be353d1154f0","Base Espadas X2 - Mesa - Para Katana, Wakizashi, Bokken","72.500","Cantidad:1 unidad(3 disponibles)","Bucaramanga, Santander"
"1661798231-128","https://listado.mercadolibre.com.co/katanas-japonesas#D[A:katanas%20japonesas]","","Katana Espada Daga En Acero Kendo Aikido Coleccion Taekwondo","https://articulo.mercadolibre.com.co/MCO-496369860-katana-espada-daga-en-acero-kendo-aikido-coleccion-taekwondo-_JM#position=41&search_layout=stack&type=item&tracking_id=4dd6e54e-5a70-4669-8c69-be353d1154f0","Katana Espada Daga En Acero Kendo Aikido Coleccion Taekwondo","306.900","Cantidad:1 unidad(2 disponibles)","Fontibón, Bogotá D.C."
"1661797988-15","https://listado.mercadolibre.com.co/katanas-japonesas#D[A:katanas%20japonesas]","https://listado.mercadolibre.com.co/deportes-fitness/boxeo-artes-marciales/proteccion-defensa/katanas/katanas-japonesas_Desde_51_NoIndex_True","Katana Tanjiro Anime ( Kimetsu No Yaiba)","https://articulo.mercadolibre.com.co/MCO-938853056-katana-tanjiro-anime-kimetsu-no-yaiba-_JM#position=36&search_layout=stack&type=item&tracking_id=5a5de2e5-84f7-48ba-bb2c-11c67d1b3d8d","Katana Tanjiro Anime ( Kimetsu No Yaiba)","120.000","null","Ciudad Bolivar, Bogotá D.C."
"1661798126-76","https://listado.mercadolibre.com.co/katanas-japonesas#D[A:katanas%20japonesas]","https://listado.mercadolibre.com.co/deportes-fitness/boxeo-artes-marciales/proteccion-defensa/katanas/katanas-japonesas_NoIndex_True","Espada Katana Samarai Blanca Dragón (3 Piezas) Con Estante","https://articulo.mercadolibre.com.co/MCO-653071584-espada-katana-samarai-blanca-dragon-3-piezas-con-estante-_JM#position=44&search_layout=stack&type=item&tracking_id=2f7c856e-2c8b-4255-b63f-3bf50d1a0170","Espada Katana Samarai Blanca Dragón (3 Piezas) Con Estante","800.000","Cantidad:1 unidad(3 disponibles)","Sabaneta, Antioquia"
"1661798132-79","https://listado.mercadolibre.com.co/katanas-japonesas#D[A:katanas%20japonesas]","https://listado.mercadolibre.com.co/deportes-fitness/boxeo-artes-marciales/proteccion-defensa/katanas/katanas-japonesas_NoIndex_True","Katana Espada Daga En Acero Kendo Aikido Coleccion Taekwondo","https://articulo.mercadolibre.com.co/MCO-496369860-katana-espada-daga-en-acero-kendo-aikido-coleccion-taekwondo-_JM#position=41&search_layout=stack&type=item&tracking_id=2f7c856e-2c8b-4255-b63f-3bf50d1a0170","Katana Espada Daga En Acero Kendo Aikido Coleccion Taekwondo","306.900","Cantidad:1 unidad(2 disponibles)","Fontibón, Bogotá D.C."
"1661798172-99","https://listado.mercadolibre.com.co/katanas-japonesas#D[A:katanas%20japonesas]","https://listado.mercadolibre.com.co/deportes-fitness/boxeo-artes-marciales/proteccion-defensa/katanas/katanas-japonesas_NoIndex_True","Espada Katana Sable,samurai En Acero Para Decoracion Regalo","https://articulo.mercadolibre.com.co/MCO-598159915-espada-katana-sablesamurai-en-acero-para-decoracion-regalo-_JM#position=21&search_layout=stack&type=item&tracking_id=2f7c856e-2c8b-4255-b63f-3bf50d1a0170","Espada Katana Sable,samurai En Acero Para Decoracion Regalo","306.900","Cantidad:1 unidad(2 disponibles)","Fontibón, Bogotá D.C."
"1661798001-21","https://listado.mercadolibre.com.co/katanas-japonesas#D[A:katanas%20japonesas]","https://listado.mercadolibre.com.co/deportes-fitness/boxeo-artes-marciales/proteccion-defensa/katanas/katanas-japonesas_Desde_51_NoIndex_True","Lyuesword Forjado A Mano Damasco Doblado Acero Arcilla Templ","https://articulo.mercadolibre.com.co/MCO-933395725-lyuesword-forjado-a-mano-damasco-doblado-acero-arcilla-templ-_JM#position=30&search_layout=stack&type=item&tracking_id=5a5de2e5-84f7-48ba-bb2c-11c67d1b3d8d","Lyuesword Forjado A Mano Damasco Doblado Acero Arcilla Templ","3.183.363","Cantidad:1 unidad(12 disponibles)","Aguachica, Cesar"
"1661798037-36","https://listado.mercadolibre.com.co/katanas-japonesas#D[A:katanas%20japonesas]","https://listado.mercadolibre.com.co/deportes-fitness/boxeo-artes-marciales/proteccion-defensa/katanas/katanas-japonesas_Desde_51_NoIndex_True","Tsuba Decorativa Ninja Gaiden, Katana, Xbox, Play Station","https://articulo.mercadolibre.com.co/MCO-597251703-tsuba-decorativa-ninja-gaiden-katana-xbox-play-station-_JM#position=15&search_layout=stack&type=item&tracking_id=5a5de2e5-84f7-48ba-bb2c-11c67d1b3d8d","Tsuba Decorativa Ninja Gaiden, Katana, Xbox, Play Station","82.500","Cantidad:1 unidad(5 disponibles)","Bucaramanga, Santander"
"1661798098-63","https://listado.mercadolibre.com.co/katanas-japonesas#D[A:katanas%20japonesas]","https://listado.mercadolibre.com.co/deportes-fitness/boxeo-artes-marciales/proteccion-defensa/katanas/katanas-japonesas_Desde_101_NoIndex_True","Correa De Cinturón De La Espada Rana Ajuste Universal ...","https://articulo.mercadolibre.com.co/MCO-605073003-correa-de-cinturon-de-la-espada-rana-ajuste-universal--_JM#position=7&search_layout=stack&type=item&tracking_id=dca914cd-0fb2-4744-b5d2-a520d28be608","Correa De Cinturón De La Espada Rana Ajuste Universal ...","164.999","Cantidad:1 unidad(5 disponibles)","Engativá, Bogotá D.C."
"1661798167-96","https://listado.mercadolibre.com.co/katanas-japonesas#D[A:katanas%20japonesas]","https://listado.mercadolibre.com.co/deportes-fitness/boxeo-artes-marciales/proteccion-defensa/katanas/katanas-japonesas_NoIndex_True","Kimetsu No Yaiba Demon Slayer Set X 8 Accesorios Katana","https://articulo.mercadolibre.com.co/MCO-871110585-kimetsu-no-yaiba-demon-slayer-set-x-8-accesorios-katana-_JM#position=24&search_layout=stack&type=item&tracking_id=2f7c856e-2c8b-4255-b63f-3bf50d1a0170","Kimetsu No Yaiba Demon Slayer Set X 8 Accesorios Katana","89.000","Cantidad:1 unidad(5 disponibles)","Puente Aranda, Bogotá D.C."
"1661798205-115","https://listado.mercadolibre.com.co/katanas-japonesas#D[A:katanas%20japonesas]","https://listado.mercadolibre.com.co/deportes-fitness/boxeo-artes-marciales/proteccion-defensa/katanas/katanas-japonesas_NoIndex_True","Katana Espada Sable Armas Modelo Adornos Para Figuras De","https://articulo.mercadolibre.com.co/MCO-913312378-katana-espada-sable-armas-modelo-adornos-para-figuras-de-_JM#position=4&search_layout=stack&type=item&tracking_id=2f7c856e-2c8b-4255-b63f-3bf50d1a0170","Katana Espada Sable Armas Modelo Adornos Para Figuras De","128.185","Cantidad:1 unidad(9 disponibles)","China"
"1661798162-94","https://listado.mercadolibre.com.co/katanas-japonesas#D[A:katanas%20japonesas]","https://listado.mercadolibre.com.co/deportes-fitness/boxeo-artes-marciales/proteccion-defensa/katanas/katanas-japonesas_NoIndex_True","Espada Katana Sable,samurai,artes Marciales,daga No Stand","https://articulo.mercadolibre.com.co/MCO-601595016-espada-katana-sablesamuraiartes-marcialesdaga-no-stand-_JM#position=26&search_layout=stack&type=item&tracking_id=2f7c856e-2c8b-4255-b63f-3bf50d1a0170","Espada Katana Sable,samurai,artes Marciales,daga No Stand","306.900","null","Fontibón, Bogotá D.C."
"1661798134-80","https://listado.mercadolibre.com.co/katanas-japonesas#D[A:katanas%20japonesas]","https://listado.mercadolibre.com.co/deportes-fitness/boxeo-artes-marciales/proteccion-defensa/katanas/katanas-japonesas_NoIndex_True","Kimetsu No Yaiba Espada Katana Demon Slayer","https://articulo.mercadolibre.com.co/MCO-937025791-kimetsu-no-yaiba-espada-katana-demon-slayer-_JM#position=40&search_layout=stack&type=item&tracking_id=2f7c856e-2c8b-4255-b63f-3bf50d1a0170","Kimetsu No Yaiba Espada Katana Demon Slayer","35.000","Cantidad:1 unidad(3 disponibles)","Puente Aranda, Bogotá D.C."
"1661797975-9","https://listado.mercadolibre.com.co/katanas-japonesas#D[A:katanas%20japonesas]","https://listado.mercadolibre.com.co/deportes-fitness/boxeo-artes-marciales/proteccion-defensa/katanas/katanas-japonesas_Desde_51_NoIndex_True","Engeng  Osplay De Anime Ko Hou Shinobu Katana Samu Ai ...","https://articulo.mercadolibre.com.co/MCO-605072882-engeng-osplay-de-anime-ko-hou-shinobu-katana-samu-ai--_JM#position=42&search_layout=stack&type=item&tracking_id=5a5de2e5-84f7-48ba-bb2c-11c67d1b3d8d","Engeng  Osplay De Anime Ko Hou Shinobu Katana Samu Ai ...","491.999","Cantidad:1 unidad(5 disponibles)","Engativá, Bogotá D.C."
"1661798104-66","https://listado.mercadolibre.com.co/katanas-japonesas#D[A:katanas%20japonesas]","https://listado.mercadolibre.com.co/deportes-fitness/boxeo-artes-marciales/proteccion-defensa/katanas/katanas-japonesas_Desde_101_NoIndex_True","41 De Metal Nue O Anime De Fantasía De La Esp...","https://articulo.mercadolibre.com.co/MCO-605072848-41-de-metal-nue-o-anime-de-fantasia-de-la-esp-_JM#position=4&search_layout=stack&type=item&tracking_id=dca914cd-0fb2-4744-b5d2-a520d28be608","41 De Metal Nue O Anime De Fantasía De La Esp...","443.999","Cantidad:1 unidad(5 disponibles)","Engativá, Bogotá D.C."
"1661798310-136","https://listado.mercadolibre.com.co/katanas-japonesas#D[A:katanas%20japonesas]","","Katana Espada Sable Armas Modelo Adornos Para Figuras De","https://articulo.mercadolibre.com.co/MCO-832126289-katana-espada-sable-armas-modelo-adornos-para-figuras-de-_JM#position=1&search_layout=stack&type=item&tracking_id=4dd6e54e-5a70-4669-8c69-be353d1154f0","Katana Espada Sable Armas Modelo Adornos Para Figuras De","146.853","Cantidad:1 unidad(9 disponibles)","China"
"1661798131-78","https://listado.mercadolibre.com.co/katanas-japonesas#D[A:katanas%20japonesas]","https://listado.mercadolibre.com.co/deportes-fitness/boxeo-artes-marciales/proteccion-defensa/katanas/katanas-japonesas_NoIndex_True","Espada Katana En Acero Para Decoracion Coleccion Kill Bill","https://articulo.mercadolibre.com.co/MCO-595963806-espada-katana-en-acero-para-decoracion-coleccion-kill-bill-_JM#position=42&search_layout=stack&type=item&tracking_id=2f7c856e-2c8b-4255-b63f-3bf50d1a0170","Espada Katana En Acero Para Decoracion Coleccion Kill Bill","306.900","null","Fontibón, Bogotá D.C."
"1661798204-114","https://listado.mercadolibre.com.co/katanas-japonesas#D[A:katanas%20japonesas]","https://listado.mercadolibre.com.co/deportes-fitness/boxeo-artes-marciales/proteccion-defensa/katanas/katanas-japonesas_NoIndex_True","1: 6 Soldado Accs Samurai Katana Japonesa Hoja Corta Para","https://articulo.mercadolibre.com.co/MCO-850175734-1-6-soldado-accs-samurai-katana-japonesa-hoja-corta-para-_JM#position=5&search_layout=stack&type=item&tracking_id=2f7c856e-2c8b-4255-b63f-3bf50d1a0170","1: 6 Soldado Accs Samurai Katana Japonesa Hoja Corta Para","146.853","Cantidad:1 unidad(11 disponibles)","Guangdong"
"1661798022-29","https://listado.mercadolibre.com.co/katanas-japonesas#D[A:katanas%20japonesas]","https://listado.mercadolibre.com.co/deportes-fitness/boxeo-artes-marciales/proteccion-defensa/katanas/katanas-japonesas_Desde_51_NoIndex_True","Espada Samurái Con Forma De Dragón Chino, Tamaño Pequeño, 1","https://articulo.mercadolibre.com.co/MCO-878638414-espada-samurai-con-forma-de-dragon-chino-tamano-pequeno-1-_JM#position=22&search_layout=stack&type=item&tracking_id=5a5de2e5-84f7-48ba-bb2c-11c67d1b3d8d","Espada Samurái Con Forma De Dragón Chino, Tamaño Pequeño, 1","111.118","Cantidad:1 unidad(100 disponibles)","China"
"1661798041-38","https://listado.mercadolibre.com.co/katanas-japonesas#D[A:katanas%20japonesas]","https://listado.mercadolibre.com.co/deportes-fitness/boxeo-artes-marciales/proteccion-defensa/katanas/katanas-japonesas_Desde_51_NoIndex_True","Katana Bushi - Funcional En Acero Al Carbono 1045, Samurai","https://articulo.mercadolibre.com.co/MCO-949005490-katana-bushi-funcional-en-acero-al-carbono-1045-samurai-_JM#position=13&search_layout=stack&type=item&tracking_id=5a5de2e5-84f7-48ba-bb2c-11c67d1b3d8d","Katana Bushi - Funcional En Acero Al Carbono 1045, Samurai","1.025.600","null","Bucaramanga, Santander"
"1661798153-89","https://listado.mercadolibre.com.co/katanas-japonesas#D[A:katanas%20japonesas]","https://listado.mercadolibre.com.co/deportes-fitness/boxeo-artes-marciales/proteccion-defensa/katanas/katanas-japonesas_NoIndex_True","Espada Sable Daga Katana Color1 Mts, Iaido Kendo,samurai Sai","https://articulo.mercadolibre.com.co/MCO-462136536-espada-sable-daga-katana-color1-mts-iaido-kendosamurai-sai-_JM?searchVariation=39984099305#searchVariation=39984099305&position=31&search_layout=stack&type=item&tracking_id=2f7c856e-2c8b-4255-b63f-3bf50d1a0170","Espada Sable Daga Katana Color1 Mts, Iaido Kendo,samurai Sai","306.900","Cantidad:1 unidad(2 disponibles)","Fontibón, Bogotá D.C."
"1661798094-61","https://listado.mercadolibre.com.co/katanas-japonesas#D[A:katanas%20japonesas]","https://listado.mercadolibre.com.co/deportes-fitness/boxeo-artes-marciales/proteccion-defensa/katanas/katanas-japonesas_Desde_101_NoIndex_True","Samurai Caja De Seda De La Espada Del Katana","https://articulo.mercadolibre.com.co/MCO-605072885-samurai-caja-de-seda-de-la-espada-del-katana-_JM#position=9&search_layout=stack&type=item&tracking_id=dca914cd-0fb2-4744-b5d2-a520d28be608","Samurai Caja De Seda De La Espada Del Katana","346.999","Cantidad:1 unidad(5 disponibles)","Engativá, Bogotá D.C."
"1661797969-6","https://listado.mercadolibre.com.co/katanas-japonesas#D[A:katanas%20japonesas]","https://listado.mercadolibre.com.co/deportes-fitness/boxeo-artes-marciales/proteccion-defensa/katanas/katanas-japonesas_Desde_51_NoIndex_True","Espada De Katana Dragon Ninja Sombra","https://articulo.mercadolibre.com.co/MCO-858066808-espada-de-katana-dragon-ninja-sombra-_JM#position=45&search_layout=stack&type=item&tracking_id=5a5de2e5-84f7-48ba-bb2c-11c67d1b3d8d","Espada De Katana Dragon Ninja Sombra","181.200","Cantidad:1 unidad(10 disponibles)","Aguachica, Cesar"
"1661797986-14","https://listado.mercadolibre.com.co/katanas-japonesas#D[A:katanas%20japonesas]","https://listado.mercadolibre.com.co/deportes-fitness/boxeo-artes-marciales/proteccion-defensa/katanas/katanas-japonesas_Desde_51_NoIndex_True","Sh Kaeru Rana Wakizashi Multiples","https://articulo.mercadolibre.com.co/MCO-595816732-sh-kaeru-rana-wakizashi-multiples-_JM#position=37&search_layout=stack&type=item&tracking_id=5a5de2e5-84f7-48ba-bb2c-11c67d1b3d8d","Sh Kaeru Rana Wakizashi Multiples","8.715.900","Cantidad:1 unidad(5 disponibles)","Envigado, Antioquia"
"1661797973-8","https://listado.mercadolibre.com.co/katanas-japonesas#D[A:katanas%20japonesas]","https://listado.mercadolibre.com.co/deportes-fitness/boxeo-artes-marciales/proteccion-defensa/katanas/katanas-japonesas_Desde_51_NoIndex_True","Dragon Samurai Espada Katana Wakizashi Tanto Soporte Pequeñ","https://articulo.mercadolibre.com.co/MCO-640988367-dragon-samurai-espada-katana-wakizashi-tanto-soporte-pequen-_JM#position=43&search_layout=stack&type=item&tracking_id=5a5de2e5-84f7-48ba-bb2c-11c67d1b3d8d","Dragon Samurai Espada Katana Wakizashi Tanto Soporte Pequeñ","172.800","Cantidad:1 unidad(10 disponibles)","Aguachica, Cesar"
"1661798060-46","https://listado.mercadolibre.com.co/katanas-japonesas#D[A:katanas%20japonesas]","https://listado.mercadolibre.com.co/deportes-fitness/boxeo-artes-marciales/proteccion-defensa/katanas/katanas-japonesas_Desde_51_NoIndex_True","Accesorio Correa Porta Katana Espada Arte Marcial Kendo Sais","https://articulo.mercadolibre.com.co/MCO-599112031-accesorio-correa-porta-katana-espada-arte-marcial-kendo-sais-_JM#position=5&search_layout=stack&type=item&tracking_id=5a5de2e5-84f7-48ba-bb2c-11c67d1b3d8d","Accesorio Correa Porta Katana Espada Arte Marcial Kendo Sais","24.900","null","Fontibón, Bogotá D.C."
"1661797982-12","https://listado.mercadolibre.com.co/katanas-japonesas#D[A:katanas%20japonesas]","https://listado.mercadolibre.com.co/deportes-fitness/boxeo-artes-marciales/proteccion-defensa/katanas/katanas-japonesas_Desde_51_NoIndex_True","Paraguas Con Mango De Espada Katana De 24 Varillas,.","https://articulo.mercadolibre.com.co/MCO-873503900-paraguas-con-mango-de-espada-katana-de-24-varillas-_JM#position=39&search_layout=stack&type=item&tracking_id=5a5de2e5-84f7-48ba-bb2c-11c67d1b3d8d","Paraguas Con Mango De Espada Katana De 24 Varillas,.","311.990","Cantidad:1 unidad(12 disponibles)","Aguachica, Cesar"
"1661797991-16","https://listado.mercadolibre.com.co/katanas-japonesas#D[A:katanas%20japonesas]","https://listado.mercadolibre.com.co/deportes-fitness/boxeo-artes-marciales/proteccion-defensa/katanas/katanas-japonesas_Desde_51_NoIndex_True","Demonio Asesino Kimetsu Sin Yaiba Agatsuma Zenitsu Espa...","https://articulo.mercadolibre.com.co/MCO-595408676-demonio-asesino-kimetsu-sin-yaiba-agatsuma-zenitsu-espa-_JM#position=35&search_layout=stack&type=item&tracking_id=5a5de2e5-84f7-48ba-bb2c-11c67d1b3d8d","Demonio Asesino Kimetsu Sin Yaiba Agatsuma Zenitsu Espa...","168.900","Cantidad:1 unidad(5 disponibles)","Envigado, Antioquia"
"1661798057-45","https://listado.mercadolibre.com.co/katanas-japonesas#D[A:katanas%20japonesas]","https://listado.mercadolibre.com.co/deportes-fitness/boxeo-artes-marciales/proteccion-defensa/katanas/katanas-japonesas_Desde_51_NoIndex_True","Tsuba Decorativa Kill Bill, Katana, Hattori Hanzo, Espada","https://articulo.mercadolibre.com.co/MCO-597252889-tsuba-decorativa-kill-bill-katana-hattori-hanzo-espada-_JM#position=6&search_layout=stack&type=item&tracking_id=5a5de2e5-84f7-48ba-bb2c-11c67d1b3d8d","Tsuba Decorativa Kill Bill, Katana, Hattori Hanzo, Espada","83.700","Cantidad:1 unidad(2 disponibles)","Bucaramanga, Santander"
"1661798140-83","https://listado.mercadolibre.com.co/katanas-japonesas#D[A:katanas%20japonesas]","https://listado.mercadolibre.com.co/deportes-fitness/boxeo-artes-marciales/proteccion-defensa/katanas/katanas-japonesas_NoIndex_True","Katana Espada Sable Samurai Ninja En Acero Para Decoracion","https://articulo.mercadolibre.com.co/MCO-902010922-katana-espada-sable-samurai-ninja-en-acero-para-decoracion-_JM#position=37&search_layout=stack&type=item&tracking_id=2f7c856e-2c8b-4255-b63f-3bf50d1a0170","Katana Espada Sable Samurai Ninja En Acero Para Decoracion","306.900","Cantidad:1 unidad(2 disponibles)","Fontibón, Bogotá D.C."
"1661798298-130","https://listado.mercadolibre.com.co/katanas-japonesas#D[A:katanas%20japonesas]","","Saki Katana - Tijeras Japonesas  6 Unidades   Color Negro","https://articulo.mercadolibre.com.co/MCO-853592600-saki-katana-tijeras-japonesas-6-unidades-color-negro-_JM#position=7&search_layout=stack&type=item&tracking_id=4dd6e54e-5a70-4669-8c69-be353d1154f0","Saki Katana - Tijeras Japonesas  6 Unidades   Color Negro","1.609.200","Cantidad:1 unidad(10 disponibles)","Aguachica, Cesar"
"1661798040-37","https://listado.mercadolibre.com.co/katanas-japonesas#D[A:katanas%20japonesas]","https://listado.mercadolibre.com.co/deportes-fitness/boxeo-artes-marciales/proteccion-defensa/katanas/katanas-japonesas_Desde_51_NoIndex_True","Tsuba Decorativa Inuyasha, Katana, Anime, Espada, Sword","https://articulo.mercadolibre.com.co/MCO-597247843-tsuba-decorativa-inuyasha-katana-anime-espada-sword-_JM#position=14&search_layout=stack&type=item&tracking_id=5a5de2e5-84f7-48ba-bb2c-11c67d1b3d8d","Tsuba Decorativa Inuyasha, Katana, Anime, Espada, Sword","83.200","Cantidad:1 unidad(3 disponibles)","Bucaramanga, Santander"
"1661798072-51","https://listado.mercadolibre.com.co/katanas-japonesas#D[A:katanas%20japonesas]","https://listado.mercadolibre.com.co/deportes-fitness/boxeo-artes-marciales/proteccion-defensa/katanas/katanas-japonesas_Desde_101_NoIndex_True","Vendo Espadas Para Exhibición De Artes Marciales","https://articulo.mercadolibre.com.co/MCO-906633455-vendo-espadas-para-exhibicion-de-artes-marciales-_JM#position=19&search_layout=stack&type=item&tracking_id=dca914cd-0fb2-4744-b5d2-a520d28be608","Vendo Espadas Para Exhibición De Artes Marciales","280.000","null","Cartagena De Indias, Bolivar"
"1661797984-13","https://listado.mercadolibre.com.co/katanas-japonesas#D[A:katanas%20japonesas]","https://listado.mercadolibre.com.co/deportes-fitness/boxeo-artes-marciales/proteccion-defensa/katanas/katanas-japonesas_Desde_51_NoIndex_True","Abrecartas Corta Negro Katana Con Decoración De Soporte Vert","https://articulo.mercadolibre.com.co/MCO-894370718-abrecartas-corta-negro-katana-con-decoracion-de-soporte-vert-_JM#position=38&search_layout=stack&type=item&tracking_id=5a5de2e5-84f7-48ba-bb2c-11c67d1b3d8d","Abrecartas Corta Negro Katana Con Decoración De Soporte Vert","283.000","null","Suba, Bogotá D.C."
"1661797967-5","https://listado.mercadolibre.com.co/katanas-japonesas#D[A:katanas%20japonesas]","https://listado.mercadolibre.com.co/deportes-fitness/boxeo-artes-marciales/proteccion-defensa/katanas/katanas-japonesas_Desde_51_NoIndex_True","Demonio Asesino Kimetsu Sin Yaiba Agatsuma Zenitsu Espa...","https://articulo.mercadolibre.com.co/MCO-912898626-demonio-asesino-kimetsu-sin-yaiba-agatsuma-zenitsu-espa-_JM#position=46&search_layout=stack&type=item&tracking_id=5a5de2e5-84f7-48ba-bb2c-11c67d1b3d8d","Demonio Asesino Kimetsu Sin Yaiba Agatsuma Zenitsu Espa...","159.990","null","Medellín, Antioquia"
"1661798033-34","https://listado.mercadolibre.com.co/katanas-japonesas#D[A:katanas%20japonesas]","https://listado.mercadolibre.com.co/deportes-fitness/boxeo-artes-marciales/proteccion-defensa/katanas/katanas-japonesas_Desde_51_NoIndex_True","Universal Samurai Sword Gear Knob Shifter Katana Metal","https://articulo.mercadolibre.com.co/MCO-864500707-universal-samurai-sword-gear-knob-shifter-katana-metal-_JM#position=17&search_layout=stack&type=item&tracking_id=5a5de2e5-84f7-48ba-bb2c-11c67d1b3d8d","Universal Samurai Sword Gear Knob Shifter Katana Metal","227.747","Cantidad:1 unidad(6 disponibles)","China"
"1661798115-70","https://listado.mercadolibre.com.co/katanas-japonesas#D[A:katanas%20japonesas]","https://listado.mercadolibre.com.co/deportes-fitness/boxeo-artes-marciales/proteccion-defensa/katanas/katanas-japonesas_NoIndex_True","Katana Musha Gold Warrior","https://articulo.mercadolibre.com.co/MCO-900255635-katana-musha-gold-warrior-_JM#position=50&search_layout=stack&type=item&tracking_id=2f7c856e-2c8b-4255-b63f-3bf50d1a0170","Katana Musha Gold Warrior","1.000.000","null","Cali, Valle Del Cauca"
"1661798199-112","https://listado.mercadolibre.com.co/katanas-japonesas#D[A:katanas%20japonesas]","https://listado.mercadolibre.com.co/deportes-fitness/boxeo-artes-marciales/proteccion-defensa/katanas/katanas-japonesas_NoIndex_True","Saki Katana - Tijeras Japonesas  6 Unidades   Color Negro","https://articulo.mercadolibre.com.co/MCO-853592600-saki-katana-tijeras-japonesas-6-unidades-color-negro-_JM#position=7&search_layout=stack&type=item&tracking_id=2f7c856e-2c8b-4255-b63f-3bf50d1a0170","Saki Katana - Tijeras Japonesas  6 Unidades   Color Negro","1.609.200","Cantidad:1 unidad(10 disponibles)","Aguachica, Cesar"
"1661798030-33","https://listado.mercadolibre.com.co/katanas-japonesas#D[A:katanas%20japonesas]","https://listado.mercadolibre.com.co/deportes-fitness/boxeo-artes-marciales/proteccion-defensa/katanas/katanas-japonesas_Desde_51_NoIndex_True","Katana Kimetsu No Yaiba (demon Slayer) - Rengoku En Acero","https://articulo.mercadolibre.com.co/MCO-858931762-katana-kimetsu-no-yaiba-demon-slayer-rengoku-en-acero-_JM#position=18&search_layout=stack&type=item&tracking_id=5a5de2e5-84f7-48ba-bb2c-11c67d1b3d8d","Katana Kimetsu No Yaiba (demon Slayer) - Rengoku En Acero","350.000","null","Kennedy, Bogotá D.C."
"1661798217-121","https://listado.mercadolibre.com.co/katanas-japonesas#D[A:katanas%20japonesas]","","Accesorio Correa Portakatana,cosplay Anime,walking No Katana","https://articulo.mercadolibre.com.co/MCO-452372452-accesorio-correa-portakatanacosplay-animewalking-no-katana-_JM#position=48&search_layout=stack&type=item&tracking_id=4dd6e54e-5a70-4669-8c69-be353d1154f0","Accesorio Correa Portakatana,cosplay Anime,walking No Katana","24.900","Cantidad:1 unidad(2 disponibles)","Fontibón, Bogotá D.C."
"1661798156-91","https://listado.mercadolibre.com.co/katanas-japonesas#D[A:katanas%20japonesas]","https://listado.mercadolibre.com.co/deportes-fitness/boxeo-artes-marciales/proteccion-defensa/katanas/katanas-japonesas_NoIndex_True","Baston Con Cuchillo Puñal Oculto Katana Lesiones Defensa","https://articulo.mercadolibre.com.co/MCO-452372583-baston-con-cuchillo-punal-oculto-katana-lesiones-defensa-_JM#position=29&search_layout=stack&type=item&tracking_id=2f7c856e-2c8b-4255-b63f-3bf50d1a0170","Baston Con Cuchillo Puñal Oculto Katana Lesiones Defensa","209.900","null","Fontibón, Bogotá D.C."
"1661798195-110","https://listado.mercadolibre.com.co/katanas-japonesas#D[A:katanas%20japonesas]","https://listado.mercadolibre.com.co/deportes-fitness/boxeo-artes-marciales/proteccion-defensa/katanas/katanas-japonesas_NoIndex_True","Katana Japonesa De Exhibición","https://articulo.mercadolibre.com.co/MCO-932060455-katana-japonesa-de-exhibicion-_JM#position=9&search_layout=stack&type=item&tracking_id=2f7c856e-2c8b-4255-b63f-3bf50d1a0170","Katana Japonesa De Exhibición","350.000","Cantidad:1 unidad(4 disponibles)","Usaquén, Bogotá D.C."
"1661798146-86","https://listado.mercadolibre.com.co/katanas-japonesas#D[A:katanas%20japonesas]","https://listado.mercadolibre.com.co/deportes-fitness/boxeo-artes-marciales/proteccion-defensa/katanas/katanas-japonesas_NoIndex_True","Baston De Calavera Espada Oculta Estoque Katana Defensa  Sai","https://articulo.mercadolibre.com.co/MCO-453295778-baston-de-calavera-espada-oculta-estoque-katana-defensa-sai-_JM#position=34&search_layout=stack&type=item&tracking_id=2f7c856e-2c8b-4255-b63f-3bf50d1a0170","Baston De Calavera Espada Oculta Estoque Katana Defensa  Sai","199.900","Cantidad:1 unidad(3 disponibles)","Fontibón, Bogotá D.C."
"1661798142-84","https://listado.mercadolibre.com.co/katanas-japonesas#D[A:katanas%20japonesas]","https://listado.mercadolibre.com.co/deportes-fitness/boxeo-artes-marciales/proteccion-defensa/katanas/katanas-japonesas_NoIndex_True","Set De 3 Kunais Lanzables En Acero Naruto Ninja Judo Sais","https://articulo.mercadolibre.com.co/MCO-591054849-set-de-3-kunais-lanzables-en-acero-naruto-ninja-judo-sais-_JM#position=36&search_layout=stack&type=item&tracking_id=2f7c856e-2c8b-4255-b63f-3bf50d1a0170","Set De 3 Kunais Lanzables En Acero Naruto Ninja Judo Sais","34.900","Cantidad:1 unidad(2 disponibles)","Fontibón, Bogotá D.C."
"1661798160-93","https://listado.mercadolibre.com.co/katanas-japonesas#D[A:katanas%20japonesas]","https://listado.mercadolibre.com.co/deportes-fitness/boxeo-artes-marciales/proteccion-defensa/katanas/katanas-japonesas_NoIndex_True","Demon Slayer Tanjiro Tomioka Mini Espada Katana Cosplay","https://articulo.mercadolibre.com.co/MCO-943264681-demon-slayer-tanjiro-tomioka-mini-espada-katana-cosplay-_JM?searchVariation=175020114833#searchVariation=175020114833&position=27&search_layout=stack&type=item&tracking_id=2f7c856e-2c8b-4255-b63f-3bf50d1a0170","Demon Slayer Tanjiro Tomioka Mini Espada Katana Cosplay","40.000","Cantidad:1 unidad(10 disponibles)","Puente Aranda, Bogotá D.C."
"1661798086-57","https://listado.mercadolibre.com.co/katanas-japonesas#D[A:katanas%20japonesas]","https://listado.mercadolibre.com.co/deportes-fitness/boxeo-artes-marciales/proteccion-defensa/katanas/katanas-japonesas_Desde_101_NoIndex_True","Wraith Of East Faux Leather Sword Strap Gun Flintlock Pistol","https://articulo.mercadolibre.com.co/MCO-626306665-wraith-of-east-faux-leather-sword-strap-gun-flintlock-pistol-_JM#position=13&search_layout=stack&type=item&tracking_id=dca914cd-0fb2-4744-b5d2-a520d28be608","Wraith Of East Faux Leather Sword Strap Gun Flintlock Pistol","196.410","Cantidad:1 unidad(12 disponibles)","Bucaramanga, Santander"
"1661798183-104","https://listado.mercadolibre.com.co/katanas-japonesas#D[A:katanas%20japonesas]","https://listado.mercadolibre.com.co/deportes-fitness/boxeo-artes-marciales/proteccion-defensa/katanas/katanas-japonesas_NoIndex_True","Palillos Samurai Katana Japoneses Tres Heros Ieyasu Tokugawa","https://articulo.mercadolibre.com.co/MCO-933558504-palillos-samurai-katana-japoneses-tres-heros-ieyasu-tokugawa-_JM#position=15&search_layout=stack&type=item&tracking_id=2f7c856e-2c8b-4255-b63f-3bf50d1a0170","Palillos Samurai Katana Japoneses Tres Heros Ieyasu Tokugawa","208.143","Cantidad:1 unidad(12 disponibles)","Aguachica, Cesar"
"1661798006-23","https://listado.mercadolibre.com.co/katanas-japonesas#D[A:katanas%20japonesas]","https://listado.mercadolibre.com.co/deportes-fitness/boxeo-artes-marciales/proteccion-defensa/katanas/katanas-japonesas_Desde_51_NoIndex_True","Catillas De Palanca De Palanca De Palanca De 15cm Oro Negro","https://articulo.mercadolibre.com.co/MCO-847425838-catillas-de-palanca-de-palanca-de-palanca-de-15cm-oro-negro-_JM#position=28&search_layout=stack&type=item&tracking_id=5a5de2e5-84f7-48ba-bb2c-11c67d1b3d8d","Catillas De Palanca De Palanca De Palanca De 15cm Oro Negro","157.387","null","China"
"1661798023-30","https://listado.mercadolibre.com.co/katanas-japonesas#D[A:katanas%20japonesas]","https://listado.mercadolibre.com.co/deportes-fitness/boxeo-artes-marciales/proteccion-defensa/katanas/katanas-japonesas_Desde_51_NoIndex_True","Universal Samurai Sword Gear Knob Shifter Katana Metal","https://articulo.mercadolibre.com.co/MCO-869129146-universal-samurai-sword-gear-knob-shifter-katana-metal-_JM#position=21&search_layout=stack&type=item&tracking_id=5a5de2e5-84f7-48ba-bb2c-11c67d1b3d8d","Universal Samurai Sword Gear Knob Shifter Katana Metal","243.881","Cantidad:1 unidad(6 disponibles)","China"
"1661798191-108","https://listado.mercadolibre.com.co/katanas-japonesas#D[A:katanas%20japonesas]","https://listado.mercadolibre.com.co/deportes-fitness/boxeo-artes-marciales/proteccion-defensa/katanas/katanas-japonesas_NoIndex_True","Katana Japonesa De Exhibición","https://articulo.mercadolibre.com.co/MCO-932060725-katana-japonesa-de-exhibicion-_JM#position=11&search_layout=stack&type=item&tracking_id=2f7c856e-2c8b-4255-b63f-3bf50d1a0170","Katana Japonesa De Exhibición","330.000","Cantidad:1 unidad(5 disponibles)","Usaquén, Bogotá D.C."
"1661798306-134","https://listado.mercadolibre.com.co/katanas-japonesas#D[A:katanas%20japonesas]","","1: 6 Soldado Accs Samurai Katana Japonesa Hoja Corta Para","https://articulo.mercadolibre.com.co/MCO-844672931-1-6-soldado-accs-samurai-katana-japonesa-hoja-corta-para-_JM#position=3&search_layout=stack&type=item&tracking_id=4dd6e54e-5a70-4669-8c69-be353d1154f0","1: 6 Soldado Accs Samurai Katana Japonesa Hoja Corta Para","132.408","Cantidad:1 unidad(11 disponibles)","Guangdong"
"1661798106-67","https://listado.mercadolibre.com.co/katanas-japonesas#D[A:katanas%20japonesas]","https://listado.mercadolibre.com.co/deportes-fitness/boxeo-artes-marciales/proteccion-defensa/katanas/katanas-japonesas_Desde_101_NoIndex_True","Bronceado Espada De Combate Wakizashi Con La Envoltura ...","https://articulo.mercadolibre.com.co/MCO-605072883-bronceado-espada-de-combate-wakizashi-con-la-envoltura--_JM#position=3&search_layout=stack&type=item&tracking_id=dca914cd-0fb2-4744-b5d2-a520d28be608","Bronceado Espada De Combate Wakizashi Con La Envoltura ...","358.999","Cantidad:1 unidad(5 disponibles)","Engativá, Bogotá D.C."
"1661798035-35","https://listado.mercadolibre.com.co/katanas-japonesas#D[A:katanas%20japonesas]","https://listado.mercadolibre.com.co/deportes-fitness/boxeo-artes-marciales/proteccion-defensa/katanas/katanas-japonesas_Desde_51_NoIndex_True","Katana Ao Tsuru - Funcional En Acero Al Carbono 1045, Ninja","https://articulo.mercadolibre.com.co/MCO-949005358-katana-ao-tsuru-funcional-en-acero-al-carbono-1045-ninja-_JM#position=16&search_layout=stack&type=item&tracking_id=5a5de2e5-84f7-48ba-bb2c-11c67d1b3d8d","Katana Ao Tsuru - Funcional En Acero Al Carbono 1045, Ninja","1.028.200","null","Bucaramanga, Santander"
"1661798075-52","https://listado.mercadolibre.com.co/katanas-japonesas#D[A:katanas%20japonesas]","https://listado.mercadolibre.com.co/deportes-fitness/boxeo-artes-marciales/proteccion-defensa/katanas/katanas-japonesas_Desde_101_NoIndex_True","Espada Katana Cobra Coleccion Decoracion","https://articulo.mercadolibre.com.co/MCO-603752100-espada-katana-cobra-coleccion-decoracion-_JM#position=18&search_layout=stack&type=item&tracking_id=dca914cd-0fb2-4744-b5d2-a520d28be608","Espada Katana Cobra Coleccion Decoracion","450.000","null","Engativá, Bogotá D.C."
"1661798100-64","https://listado.mercadolibre.com.co/katanas-japonesas#D[A:katanas%20japonesas]","https://listado.mercadolibre.com.co/deportes-fitness/boxeo-artes-marciales/proteccion-defensa/katanas/katanas-japonesas_Desde_101_NoIndex_True","E Bogu  Á Ti A De La Espada Katana De Made A Estilo D...","https://articulo.mercadolibre.com.co/MCO-605072850-e-bogu-a-ti-a-de-la-espada-katana-de-made-a-estilo-d-_JM#position=6&search_layout=stack&type=item&tracking_id=dca914cd-0fb2-4744-b5d2-a520d28be608","E Bogu  Á Ti A De La Espada Katana De Made A Estilo D...","359.999","Cantidad:1 unidad(5 disponibles)","Engativá, Bogotá D.C."
"1661798144-85","https://listado.mercadolibre.com.co/katanas-japonesas#D[A:katanas%20japonesas]","https://listado.mercadolibre.com.co/deportes-fitness/boxeo-artes-marciales/proteccion-defensa/katanas/katanas-japonesas_NoIndex_True","Katana Tsuru - Funcional En Acero Al Carbón 1045, Samurai","https://articulo.mercadolibre.com.co/MCO-596878934-katana-tsuru-funcional-en-acero-al-carbon-1045-samurai-_JM#position=35&search_layout=stack&type=item&tracking_id=2f7c856e-2c8b-4255-b63f-3bf50d1a0170","Katana Tsuru - Funcional En Acero Al Carbón 1045, Samurai","1.037.500","null","Bucaramanga, Santander"
"1661798229-127","https://listado.mercadolibre.com.co/katanas-japonesas#D[A:katanas%20japonesas]","","Espada Katana En Acero Para Decoracion Coleccion Kill Bill","https://articulo.mercadolibre.com.co/MCO-595963806-espada-katana-en-acero-para-decoracion-coleccion-kill-bill-_JM#position=42&search_layout=stack&type=item&tracking_id=4dd6e54e-5a70-4669-8c69-be353d1154f0","Espada Katana En Acero Para Decoracion Coleccion Kill Bill","306.900","null","Fontibón, Bogotá D.C."
"1661798179-102","https://listado.mercadolibre.com.co/katanas-japonesas#D[A:katanas%20japonesas]","https://listado.mercadolibre.com.co/deportes-fitness/boxeo-artes-marciales/proteccion-defensa/katanas/katanas-japonesas_NoIndex_True","Katana Japonesa De Exhibición","https://articulo.mercadolibre.com.co/MCO-932083668-katana-japonesa-de-exhibicion-_JM#position=17&search_layout=stack&type=item&tracking_id=2f7c856e-2c8b-4255-b63f-3bf50d1a0170","Katana Japonesa De Exhibición","350.000","Cantidad:1 unidad(5 disponibles)","Usaquén, Bogotá D.C."
"1661798055-44","https://listado.mercadolibre.com.co/katanas-japonesas#D[A:katanas%20japonesas]","https://listado.mercadolibre.com.co/deportes-fitness/boxeo-artes-marciales/proteccion-defensa/katanas/katanas-japonesas_Desde_51_NoIndex_True","Katana Espada Sin Funda Para Decoracion Y Coleccion Anime","https://articulo.mercadolibre.com.co/MCO-940001335-katana-espada-sin-funda-para-decoracion-y-coleccion-anime-_JM#position=7&search_layout=stack&type=item&tracking_id=5a5de2e5-84f7-48ba-bb2c-11c67d1b3d8d","Katana Espada Sin Funda Para Decoracion Y Coleccion Anime","229.900","null","Fontibón, Bogotá D.C."
